iteration	phase	backtest_id	profit	win_rate	sharpe_ratio	max_drawdown	volatility	open_positions_num	score	beats_profit	beats_win_rate	beats_drawdown	strict_dominator	params_json
1	1	15691	2564.6	0.469283	2.05423	0.34248	0.503611	588	-1162.0956	False	False	True	False	"{""atr_take_profit_ratio"":2.83,""bb_width_threshold"":0.026,""chase_min_body_ratio"":0.57,""extreme_min_body_ratio"":0.64,""extreme_min_move_pct"":0.013,""fib_min_volume_ratio"":2.19,""fib_stop_loss_buffer_ratio"":0.012,""fib_trigger_high"":0.601,""fib_trigger_low"":0.334,""fixed_profit_percent_take_profit"":0.047,""leg_size"":9,""long_threshold"":0.207,""max_loss_percent"":0.038,""min_total_weight"":2.09,""pullback_touch_threshold"":0.053,""rsi_overbought"":86.6,""rsi_oversold"":11.6,""short_threshold"":0.099,""tp_kline_ratio"":0.64,""volume_increase_ratio"":2.78,""weight_bolling"":1.0,""weight_engulfing"":0.86,""weight_fvg"":1.6,""weight_kline_hammer"":0.81,""weight_leg"":0.89}"
2	1	15692	864.26	0.448023	1.15563	0.442637	0.539481	685	-5861.9856	False	False	False	False	"{""atr_take_profit_ratio"":2.81,""bb_width_threshold"":0.03,""chase_min_body_ratio"":0.42,""extreme_min_body_ratio"":0.62,""extreme_min_move_pct"":0.009,""fib_min_volume_ratio"":2.5,""fib_stop_loss_buffer_ratio"":0.013,""fib_trigger_high"":0.656,""fib_trigger_low"":0.294,""fixed_profit_percent_take_profit"":0.057,""leg_size"":6,""long_threshold"":0.159,""max_loss_percent"":0.037,""min_total_weight"":2.14,""pullback_touch_threshold"":0.053,""rsi_overbought"":85.5,""rsi_oversold"":16.0,""short_threshold"":0.08,""tp_kline_ratio"":0.72,""volume_increase_ratio"":2.34,""weight_bolling"":0.8,""weight_engulfing"":0.99,""weight_fvg"":1.46,""weight_kline_hammer"":0.96,""weight_leg"":0.96}"
3	1	15693	3846.45	0.467085	2.26715	0.315802	0.537373	640	564.6129	True	False	True	False	"{""atr_take_profit_ratio"":3.47,""bb_width_threshold"":0.027,""chase_min_body_ratio"":0.46,""extreme_min_body_ratio"":0.6,""extreme_min_move_pct"":0.009,""fib_min_volume_ratio"":1.9,""fib_stop_loss_buffer_ratio"":0.008,""fib_trigger_high"":0.591,""fib_trigger_low"":0.309,""fixed_profit_percent_take_profit"":0.054,""leg_size"":8,""long_threshold"":0.168,""max_loss_percent"":0.042,""min_total_weight"":2.03,""pullback_touch_threshold"":0.041,""rsi_overbought"":83.4,""rsi_oversold"":12.5,""short_threshold"":0.116,""tp_kline_ratio"":0.7,""volume_increase_ratio"":2.41,""weight_bolling"":0.89,""weight_engulfing"":0.99,""weight_fvg"":1.58,""weight_kline_hammer"":0.75,""weight_leg"":0.92}"
4	1	15694	2489.15	0.479624	1.94732	0.370563	0.524634	638	-1208.9527	False	False	True	False	"{""atr_take_profit_ratio"":2.93,""bb_width_threshold"":0.032,""chase_min_body_ratio"":0.55,""extreme_min_body_ratio"":0.7,""extreme_min_move_pct"":0.014,""fib_min_volume_ratio"":2.37,""fib_stop_loss_buffer_ratio"":0.009,""fib_trigger_high"":0.6,""fib_trigger_low"":0.323,""fixed_profit_percent_take_profit"":0.045,""leg_size"":7,""long_threshold"":0.187,""max_loss_percent"":0.039,""min_total_weight"":2.17,""pullback_touch_threshold"":0.035,""rsi_overbought"":84.0,""rsi_oversold"":10.4,""short_threshold"":0.131,""tp_kline_ratio"":0.68,""volume_increase_ratio"":2.73,""weight_bolling"":1.0,""weight_engulfing"":0.94,""weight_fvg"":1.6,""weight_kline_hammer"":1.03,""weight_leg"":0.78}"
5	1	15695	7609.74	0.482443	2.76442	0.388891	0.568742	656	5103.4202	True	False	False	False	"{""atr_take_profit_ratio"":3.42,""bb_width_threshold"":0.029,""chase_min_body_ratio"":0.52,""extreme_min_body_ratio"":0.66,""extreme_min_move_pct"":0.014,""fib_min_volume_ratio"":1.97,""fib_stop_loss_buffer_ratio"":0.008,""fib_trigger_high"":0.591,""fib_trigger_low"":0.331,""fixed_profit_percent_take_profit"":0.06,""leg_size"":8,""long_threshold"":0.192,""max_loss_percent"":0.042,""min_total_weight"":2.06,""pullback_touch_threshold"":0.036,""rsi_overbought"":84.5,""rsi_oversold"":18.0,""short_threshold"":0.1,""tp_kline_ratio"":0.63,""volume_increase_ratio"":2.88,""weight_bolling"":0.92,""weight_engulfing"":1.06,""weight_fvg"":1.6,""weight_kline_hammer"":0.9,""weight_leg"":0.99}"
6	1	15696	3106.82	0.45933	2.16499	0.43018	0.516748	627	-1553.4609	False	False	False	False	"{""atr_take_profit_ratio"":3.04,""bb_width_threshold"":0.028,""chase_min_body_ratio"":0.6,""extreme_min_body_ratio"":0.61,""extreme_min_move_pct"":0.008,""fib_min_volume_ratio"":1.9,""fib_stop_loss_buffer_ratio"":0.01,""fib_trigger_high"":0.648,""fib_trigger_low"":0.358,""fixed_profit_percent_take_profit"":0.057,""leg_size"":8,""long_threshold"":0.174,""max_loss_percent"":0.039,""min_total_weight"":1.9,""pullback_touch_threshold"":0.045,""rsi_overbought"":89.3,""rsi_oversold"":15.0,""short_threshold"":0.133,""tp_kline_ratio"":0.73,""volume_increase_ratio"":2.93,""weight_bolling"":0.91,""weight_engulfing"":0.89,""weight_fvg"":1.61,""weight_kline_hammer"":0.77,""weight_leg"":0.89}"
7	1	15697	1688.11	0.4256	1.57832	0.363437	0.545956	628	-4667.4377	False	False	True	False	"{""atr_take_profit_ratio"":3.1,""bb_width_threshold"":0.022,""chase_min_body_ratio"":0.5,""extreme_min_body_ratio"":0.64,""extreme_min_move_pct"":0.013,""fib_min_volume_ratio"":2.41,""fib_stop_loss_buffer_ratio"":0.007,""fib_trigger_high"":0.664,""fib_trigger_low"":0.327,""fixed_profit_percent_take_profit"":0.051,""leg_size"":7,""long_threshold"":0.182,""max_loss_percent"":0.036,""min_total_weight"":2.18,""pullback_touch_threshold"":0.045,""rsi_overbought"":88.4,""rsi_oversold"":10.6,""short_threshold"":0.105,""tp_kline_ratio"":0.56,""volume_increase_ratio"":2.46,""weight_bolling"":1.02,""weight_engulfing"":0.88,""weight_fvg"":1.36,""weight_kline_hammer"":0.85,""weight_leg"":0.99}"
8	1	15698	3007.41	0.507154	2.1486	0.258891	0.513841	630	1605.8188	False	True	True	False	"{""atr_take_profit_ratio"":3.13,""bb_width_threshold"":0.033,""chase_min_body_ratio"":0.53,""extreme_min_body_ratio"":0.68,""extreme_min_move_pct"":0.014,""fib_min_volume_ratio"":2.5,""fib_stop_loss_buffer_ratio"":0.014,""fib_trigger_high"":0.616,""fib_trigger_low"":0.298,""fixed_profit_percent_take_profit"":0.055,""leg_size"":9,""long_threshold"":0.211,""max_loss_percent"":0.043,""min_total_weight"":2.2,""pullback_touch_threshold"":0.038,""rsi_overbought"":86.5,""rsi_oversold"":11.8,""short_threshold"":0.089,""tp_kline_ratio"":0.6,""volume_increase_ratio"":2.47,""weight_bolling"":1.04,""weight_engulfing"":1.04,""weight_fvg"":1.52,""weight_kline_hammer"":0.99,""weight_leg"":0.83}"
9	1	15699	1143.79	0.482389	1.40043	0.351532	0.512528	654	-3111.7937	False	False	True	False	"{""atr_take_profit_ratio"":2.81,""bb_width_threshold"":0.034,""chase_min_body_ratio"":0.51,""extreme_min_body_ratio"":0.63,""extreme_min_move_pct"":0.016,""fib_min_volume_ratio"":2.4,""fib_stop_loss_buffer_ratio"":0.009,""fib_trigger_high"":0.665,""fib_trigger_low"":0.351,""fixed_profit_percent_take_profit"":0.041,""leg_size"":9,""long_threshold"":0.213,""max_loss_percent"":0.043,""min_total_weight"":1.99,""pullback_touch_threshold"":0.038,""rsi_overbought"":85.4,""rsi_oversold"":11.5,""short_threshold"":0.123,""tp_kline_ratio"":0.71,""volume_increase_ratio"":2.26,""weight_bolling"":0.9,""weight_engulfing"":0.84,""weight_fvg"":1.27,""weight_kline_hammer"":0.93,""weight_leg"":0.86}"
10	1	15700	1272.6	0.460925	1.44649	0.396967	0.522441	630	-4135.9311	False	False	False	False	"{""atr_take_profit_ratio"":2.65,""bb_width_threshold"":0.027,""chase_min_body_ratio"":0.56,""extreme_min_body_ratio"":0.66,""extreme_min_move_pct"":0.009,""fib_min_volume_ratio"":1.96,""fib_stop_loss_buffer_ratio"":0.008,""fib_trigger_high"":0.586,""fib_trigger_low"":0.35,""fixed_profit_percent_take_profit"":0.06,""leg_size"":9,""long_threshold"":0.154,""max_loss_percent"":0.044,""min_total_weight"":1.93,""pullback_touch_threshold"":0.039,""rsi_overbought"":82.0,""rsi_oversold"":13.9,""short_threshold"":0.102,""tp_kline_ratio"":0.72,""volume_increase_ratio"":2.29,""weight_bolling"":0.93,""weight_engulfing"":0.8,""weight_fvg"":1.5,""weight_kline_hammer"":0.97,""weight_leg"":0.8}"
11	1	15701	3217.91	0.44942	2.02192	0.310567	0.561731	603	-1096.4949	False	False	True	False	"{""atr_take_profit_ratio"":3.42,""bb_width_threshold"":0.025,""chase_min_body_ratio"":0.48,""extreme_min_body_ratio"":0.73,""extreme_min_move_pct"":0.016,""fib_min_volume_ratio"":1.91,""fib_stop_loss_buffer_ratio"":0.012,""fib_trigger_high"":0.66,""fib_trigger_low"":0.304,""fixed_profit_percent_take_profit"":0.043,""leg_size"":6,""long_threshold"":0.219,""max_loss_percent"":0.043,""min_total_weight"":2.17,""pullback_touch_threshold"":0.051,""rsi_overbought"":87.2,""rsi_oversold"":18.0,""short_threshold"":0.111,""tp_kline_ratio"":0.63,""volume_increase_ratio"":3.01,""weight_bolling"":1.09,""weight_engulfing"":0.83,""weight_fvg"":1.54,""weight_kline_hammer"":0.95,""weight_leg"":0.79}"
12	1	15702	2607.13	0.442997	1.94704	0.316852	0.535009	616	-2126.788	False	False	True	False	"{""atr_take_profit_ratio"":2.72,""bb_width_threshold"":0.024,""chase_min_body_ratio"":0.47,""extreme_min_body_ratio"":0.6,""extreme_min_move_pct"":0.011,""fib_min_volume_ratio"":1.76,""fib_stop_loss_buffer_ratio"":0.014,""fib_trigger_high"":0.602,""fib_trigger_low"":0.309,""fixed_profit_percent_take_profit"":0.054,""leg_size"":7,""long_threshold"":0.174,""max_loss_percent"":0.036,""min_total_weight"":2.12,""pullback_touch_threshold"":0.058,""rsi_overbought"":84.4,""rsi_oversold"":17.5,""short_threshold"":0.092,""tp_kline_ratio"":0.67,""volume_increase_ratio"":2.7,""weight_bolling"":0.89,""weight_engulfing"":1.01,""weight_fvg"":1.54,""weight_kline_hammer"":0.82,""weight_leg"":0.79}"
13	1	15703	1294.09	0.456193	1.40218	0.409895	0.543273	663	-4473.5976	False	False	False	False	"{""atr_take_profit_ratio"":2.73,""bb_width_threshold"":0.032,""chase_min_body_ratio"":0.53,""extreme_min_body_ratio"":0.66,""extreme_min_move_pct"":0.011,""fib_min_volume_ratio"":1.85,""fib_stop_loss_buffer_ratio"":0.013,""fib_trigger_high"":0.661,""fib_trigger_low"":0.357,""fixed_profit_percent_take_profit"":0.042,""leg_size"":6,""long_threshold"":0.215,""max_loss_percent"":0.042,""min_total_weight"":2.1,""pullback_touch_threshold"":0.055,""rsi_overbought"":88.4,""rsi_oversold"":14.8,""short_threshold"":0.139,""tp_kline_ratio"":0.72,""volume_increase_ratio"":2.21,""weight_bolling"":0.98,""weight_engulfing"":1.02,""weight_fvg"":1.23,""weight_kline_hammer"":0.79,""weight_leg"":0.89}"
14	1	15704	1283.53	0.474419	1.50671	0.312798	0.504023	646	-2821.5765	False	False	True	False	"{""atr_take_profit_ratio"":3.1,""bb_width_threshold"":0.03,""chase_min_body_ratio"":0.6,""extreme_min_body_ratio"":0.72,""extreme_min_move_pct"":0.01,""fib_min_volume_ratio"":2.34,""fib_stop_loss_buffer_ratio"":0.007,""fib_trigger_high"":0.651,""fib_trigger_low"":0.294,""fixed_profit_percent_take_profit"":0.046,""leg_size"":9,""long_threshold"":0.184,""max_loss_percent"":0.039,""min_total_weight"":2.02,""pullback_touch_threshold"":0.043,""rsi_overbought"":88.9,""rsi_oversold"":17.7,""short_threshold"":0.08,""tp_kline_ratio"":0.69,""volume_increase_ratio"":3.03,""weight_bolling"":1.06,""weight_engulfing"":0.84,""weight_fvg"":1.37,""weight_kline_hammer"":1.01,""weight_leg"":0.94}"
15	1	15705	2526.73	0.463351	1.755	0.379384	0.585307	766	-2181.3423	False	False	True	False	"{""atr_take_profit_ratio"":3.24,""bb_width_threshold"":0.029,""chase_min_body_ratio"":0.58,""extreme_min_body_ratio"":0.68,""extreme_min_move_pct"":0.008,""fib_min_volume_ratio"":1.83,""fib_stop_loss_buffer_ratio"":0.008,""fib_trigger_high"":0.601,""fib_trigger_low"":0.319,""fixed_profit_percent_take_profit"":0.05,""leg_size"":6,""long_threshold"":0.21,""max_loss_percent"":0.04,""min_total_weight"":2.02,""pullback_touch_threshold"":0.042,""rsi_overbought"":82.1,""rsi_oversold"":17.5,""short_threshold"":0.085,""tp_kline_ratio"":0.67,""volume_increase_ratio"":2.41,""weight_bolling"":0.83,""weight_engulfing"":0.8,""weight_fvg"":1.28,""weight_kline_hammer"":0.89,""weight_leg"":1.04}"
16	1	15706	2275.82	0.492063	1.93552	0.293354	0.507693	631	-324.724	False	True	True	False	"{""atr_take_profit_ratio"":2.97,""bb_width_threshold"":0.033,""chase_min_body_ratio"":0.56,""extreme_min_body_ratio"":0.64,""extreme_min_move_pct"":0.01,""fib_min_volume_ratio"":1.87,""fib_stop_loss_buffer_ratio"":0.009,""fib_trigger_high"":0.616,""fib_trigger_low"":0.338,""fixed_profit_percent_take_profit"":0.055,""leg_size"":9,""long_threshold"":0.181,""max_loss_percent"":0.045,""min_total_weight"":2.12,""pullback_touch_threshold"":0.041,""rsi_overbought"":83.5,""rsi_oversold"":16.3,""short_threshold"":0.113,""tp_kline_ratio"":0.74,""volume_increase_ratio"":2.58,""weight_bolling"":0.88,""weight_engulfing"":0.91,""weight_fvg"":1.63,""weight_kline_hammer"":0.82,""weight_leg"":0.98}"
17	1	15707	2869.51	0.4967	2.13632	0.286902	0.507389	606	807.2291	False	True	True	False	"{""atr_take_profit_ratio"":2.92,""bb_width_threshold"":0.031,""chase_min_body_ratio"":0.47,""extreme_min_body_ratio"":0.63,""extreme_min_move_pct"":0.012,""fib_min_volume_ratio"":2.28,""fib_stop_loss_buffer_ratio"":0.008,""fib_trigger_high"":0.635,""fib_trigger_low"":0.309,""fixed_profit_percent_take_profit"":0.042,""leg_size"":9,""long_threshold"":0.162,""max_loss_percent"":0.043,""min_total_weight"":2.17,""pullback_touch_threshold"":0.038,""rsi_overbought"":83.5,""rsi_oversold"":15.7,""short_threshold"":0.104,""tp_kline_ratio"":0.67,""volume_increase_ratio"":3.06,""weight_bolling"":0.85,""weight_engulfing"":0.96,""weight_fvg"":1.55,""weight_kline_hammer"":0.81,""weight_leg"":0.92}"
18	1	15708	3190.38	0.455556	2.04425	0.336881	0.553668	632	-1055.6025	False	False	True	False	"{""atr_take_profit_ratio"":3.41,""bb_width_threshold"":0.027,""chase_min_body_ratio"":0.62,""extreme_min_body_ratio"":0.63,""extreme_min_move_pct"":0.014,""fib_min_volume_ratio"":1.99,""fib_stop_loss_buffer_ratio"":0.011,""fib_trigger_high"":0.602,""fib_trigger_low"":0.319,""fixed_profit_percent_take_profit"":0.047,""leg_size"":6,""long_threshold"":0.155,""max_loss_percent"":0.04,""min_total_weight"":2.05,""pullback_touch_threshold"":0.049,""rsi_overbought"":87.9,""rsi_oversold"":10.9,""short_threshold"":0.133,""tp_kline_ratio"":0.64,""volume_increase_ratio"":2.91,""weight_bolling"":0.84,""weight_engulfing"":0.98,""weight_fvg"":1.53,""weight_kline_hammer"":0.9,""weight_leg"":0.92}"
19	1	15709	1124.26	0.449831	1.36361	0.378408	0.521118	889	-4703.8851	False	False	True	False	"{""atr_take_profit_ratio"":3.5,""bb_width_threshold"":0.029,""chase_min_body_ratio"":0.54,""extreme_min_body_ratio"":0.63,""extreme_min_move_pct"":0.013,""fib_min_volume_ratio"":1.81,""fib_stop_loss_buffer_ratio"":0.008,""fib_trigger_high"":0.657,""fib_trigger_low"":0.325,""fixed_profit_percent_take_profit"":0.048,""leg_size"":7,""long_threshold"":0.159,""max_loss_percent"":0.041,""min_total_weight"":2.01,""pullback_touch_threshold"":0.053,""rsi_overbought"":84.2,""rsi_oversold"":15.4,""short_threshold"":0.11,""tp_kline_ratio"":0.59,""volume_increase_ratio"":2.3,""weight_bolling"":0.88,""weight_engulfing"":1.04,""weight_fvg"":1.32,""weight_kline_hammer"":0.85,""weight_leg"":0.99}"
20	1	15710	3705.59	0.473768	2.15988	0.302631	0.55633	629	635.5457	True	False	True	False	"{""atr_take_profit_ratio"":3.25,""bb_width_threshold"":0.029,""chase_min_body_ratio"":0.45,""extreme_min_body_ratio"":0.73,""extreme_min_move_pct"":0.012,""fib_min_volume_ratio"":2.48,""fib_stop_loss_buffer_ratio"":0.008,""fib_trigger_high"":0.654,""fib_trigger_low"":0.342,""fixed_profit_percent_take_profit"":0.041,""leg_size"":7,""long_threshold"":0.174,""max_loss_percent"":0.041,""min_total_weight"":1.97,""pullback_touch_threshold"":0.05,""rsi_overbought"":87.4,""rsi_oversold"":15.5,""short_threshold"":0.106,""tp_kline_ratio"":0.71,""volume_increase_ratio"":2.81,""weight_bolling"":1.08,""weight_engulfing"":0.86,""weight_fvg"":1.31,""weight_kline_hammer"":0.97,""weight_leg"":0.75}"
21	1	15711	2042.86	0.477745	1.70294	0.368447	0.551189	676	-2080.0454	False	False	True	False	"{""atr_take_profit_ratio"":2.54,""bb_width_threshold"":0.03,""chase_min_body_ratio"":0.43,""extreme_min_body_ratio"":0.72,""extreme_min_move_pct"":0.011,""fib_min_volume_ratio"":2.33,""fib_stop_loss_buffer_ratio"":0.012,""fib_trigger_high"":0.632,""fib_trigger_low"":0.307,""fixed_profit_percent_take_profit"":0.045,""leg_size"":6,""long_threshold"":0.219,""max_loss_percent"":0.043,""min_total_weight"":2.11,""pullback_touch_threshold"":0.04,""rsi_overbought"":82.8,""rsi_oversold"":13.0,""short_threshold"":0.102,""tp_kline_ratio"":0.59,""volume_increase_ratio"":3.07,""weight_bolling"":0.98,""weight_engulfing"":1.02,""weight_fvg"":1.54,""weight_kline_hammer"":0.82,""weight_leg"":0.96}"
22	1	15712	3294.47	0.508013	2.21788	0.286821	0.51652	625	101807.7031	True	True	True	True	"{""atr_take_profit_ratio"":3.24,""bb_width_threshold"":0.033,""chase_min_body_ratio"":0.55,""extreme_min_body_ratio"":0.72,""extreme_min_move_pct"":0.012,""fib_min_volume_ratio"":2.21,""fib_stop_loss_buffer_ratio"":0.009,""fib_trigger_high"":0.596,""fib_trigger_low"":0.354,""fixed_profit_percent_take_profit"":0.057,""leg_size"":8,""long_threshold"":0.174,""max_loss_percent"":0.041,""min_total_weight"":2.13,""pullback_touch_threshold"":0.045,""rsi_overbought"":85.4,""rsi_oversold"":11.0,""short_threshold"":0.097,""tp_kline_ratio"":0.6,""volume_increase_ratio"":2.51,""weight_bolling"":1.08,""weight_engulfing"":0.85,""weight_fvg"":1.35,""weight_kline_hammer"":0.9,""weight_leg"":0.79}"
23	1	15713	5656.98	0.501618	2.70272	0.291692	0.52272	618	104602.7172	True	True	True	True	"{""atr_take_profit_ratio"":3.18,""bb_width_threshold"":0.03,""chase_min_body_ratio"":0.49,""extreme_min_body_ratio"":0.63,""extreme_min_move_pct"":0.012,""fib_min_volume_ratio"":1.91,""fib_stop_loss_buffer_ratio"":0.006,""fib_trigger_high"":0.642,""fib_trigger_low"":0.294,""fixed_profit_percent_take_profit"":0.056,""leg_size"":8,""long_threshold"":0.182,""max_loss_percent"":0.04,""min_total_weight"":2.15,""pullback_touch_threshold"":0.056,""rsi_overbought"":87.0,""rsi_oversold"":15.9,""short_threshold"":0.128,""tp_kline_ratio"":0.64,""volume_increase_ratio"":3.09,""weight_bolling"":0.92,""weight_engulfing"":0.84,""weight_fvg"":1.21,""weight_kline_hammer"":0.93,""weight_leg"":0.76}"
24	1	15714	2838.69	0.465969	1.84031	0.374533	0.584867	767	-1597.8972	False	False	True	False	"{""atr_take_profit_ratio"":3.24,""bb_width_threshold"":0.027,""chase_min_body_ratio"":0.48,""extreme_min_body_ratio"":0.68,""extreme_min_move_pct"":0.01,""fib_min_volume_ratio"":2.21,""fib_stop_loss_buffer_ratio"":0.008,""fib_trigger_high"":0.608,""fib_trigger_low"":0.351,""fixed_profit_percent_take_profit"":0.052,""leg_size"":8,""long_threshold"":0.158,""max_loss_percent"":0.042,""min_total_weight"":1.88,""pullback_touch_threshold"":0.058,""rsi_overbought"":89.8,""rsi_oversold"":15.7,""short_threshold"":0.099,""tp_kline_ratio"":0.65,""volume_increase_ratio"":2.96,""weight_bolling"":0.97,""weight_engulfing"":0.86,""weight_fvg"":1.27,""weight_kline_hammer"":0.8,""weight_leg"":0.97}"
25	1	15715	1847.28	0.490446	1.80796	0.317581	0.496665	629	-1203.1253	False	True	True	False	"{""atr_take_profit_ratio"":3.01,""bb_width_threshold"":0.032,""chase_min_body_ratio"":0.42,""extreme_min_body_ratio"":0.68,""extreme_min_move_pct"":0.009,""fib_min_volume_ratio"":2.15,""fib_stop_loss_buffer_ratio"":0.006,""fib_trigger_high"":0.58,""fib_trigger_low"":0.335,""fixed_profit_percent_take_profit"":0.058,""leg_size"":9,""long_threshold"":0.162,""max_loss_percent"":0.039,""min_total_weight"":2.01,""pullback_touch_threshold"":0.035,""rsi_overbought"":88.4,""rsi_oversold"":14.3,""short_threshold"":0.086,""tp_kline_ratio"":0.65,""volume_increase_ratio"":2.71,""weight_bolling"":0.93,""weight_engulfing"":0.86,""weight_fvg"":1.3,""weight_kline_hammer"":0.88,""weight_leg"":0.91}"
26	1	15716	3007.07	0.447195	1.92362	0.338507	0.57441	606	-1767.2989	False	False	True	False	"{""atr_take_profit_ratio"":3.44,""bb_width_threshold"":0.024,""chase_min_body_ratio"":0.45,""extreme_min_body_ratio"":0.58,""extreme_min_move_pct"":0.014,""fib_min_volume_ratio"":2.5,""fib_stop_loss_buffer_ratio"":0.008,""fib_trigger_high"":0.645,""fib_trigger_low"":0.31,""fixed_profit_percent_take_profit"":0.051,""leg_size"":6,""long_threshold"":0.185,""max_loss_percent"":0.044,""min_total_weight"":2.12,""pullback_touch_threshold"":0.053,""rsi_overbought"":88.6,""rsi_oversold"":16.4,""short_threshold"":0.119,""tp_kline_ratio"":0.59,""volume_increase_ratio"":2.9,""weight_bolling"":1.09,""weight_engulfing"":0.86,""weight_fvg"":1.63,""weight_kline_hammer"":0.81,""weight_leg"":0.91}"
27	1	15717	1674.23	0.458853	1.50381	0.446911	0.569927	805	-4130.76	False	False	False	False	"{""atr_take_profit_ratio"":3.29,""bb_width_threshold"":0.024,""chase_min_body_ratio"":0.48,""extreme_min_body_ratio"":0.65,""extreme_min_move_pct"":0.013,""fib_min_volume_ratio"":1.98,""fib_stop_loss_buffer_ratio"":0.013,""fib_trigger_high"":0.635,""fib_trigger_low"":0.294,""fixed_profit_percent_take_profit"":0.051,""leg_size"":8,""long_threshold"":0.189,""max_loss_percent"":0.037,""min_total_weight"":1.96,""pullback_touch_threshold"":0.042,""rsi_overbought"":86.2,""rsi_oversold"":10.3,""short_threshold"":0.131,""tp_kline_ratio"":0.54,""volume_increase_ratio"":2.85,""weight_bolling"":0.91,""weight_engulfing"":0.87,""weight_fvg"":1.67,""weight_kline_hammer"":0.82,""weight_leg"":1.05}"
28	1	15718	1969.91	0.47281	1.66512	0.306577	0.554338	663	-1912.171	False	False	True	False	"{""atr_take_profit_ratio"":3.39,""bb_width_threshold"":0.03,""chase_min_body_ratio"":0.61,""extreme_min_body_ratio"":0.72,""extreme_min_move_pct"":0.015,""fib_min_volume_ratio"":1.94,""fib_stop_loss_buffer_ratio"":0.009,""fib_trigger_high"":0.667,""fib_trigger_low"":0.312,""fixed_profit_percent_take_profit"":0.052,""leg_size"":6,""long_threshold"":0.192,""max_loss_percent"":0.043,""min_total_weight"":2.0,""pullback_touch_threshold"":0.059,""rsi_overbought"":86.6,""rsi_oversold"":17.6,""short_threshold"":0.098,""tp_kline_ratio"":0.63,""volume_increase_ratio"":2.23,""weight_bolling"":0.84,""weight_engulfing"":1.07,""weight_fvg"":1.51,""weight_kline_hammer"":0.78,""weight_leg"":0.77}"
29	1	15719	3463.18	0.475385	2.24158	0.374771	0.521389	650	3.2349	True	False	True	False	"{""atr_take_profit_ratio"":3.2,""bb_width_threshold"":0.029,""chase_min_body_ratio"":0.61,""extreme_min_body_ratio"":0.72,""extreme_min_move_pct"":0.011,""fib_min_volume_ratio"":1.93,""fib_stop_loss_buffer_ratio"":0.007,""fib_trigger_high"":0.634,""fib_trigger_low"":0.349,""fixed_profit_percent_take_profit"":0.059,""leg_size"":8,""long_threshold"":0.169,""max_loss_percent"":0.039,""min_total_weight"":2.05,""pullback_touch_threshold"":0.057,""rsi_overbought"":86.4,""rsi_oversold"":12.4,""short_threshold"":0.134,""tp_kline_ratio"":0.67,""volume_increase_ratio"":2.55,""weight_bolling"":1.06,""weight_engulfing"":1.08,""weight_fvg"":1.45,""weight_kline_hammer"":0.75,""weight_leg"":0.96}"
30	1	15720	1548.09	0.483051	1.5644	0.411833	0.529505	709	-2917.4718	False	False	False	False	"{""atr_take_profit_ratio"":2.57,""bb_width_threshold"":0.032,""chase_min_body_ratio"":0.54,""extreme_min_body_ratio"":0.69,""extreme_min_move_pct"":0.014,""fib_min_volume_ratio"":2.02,""fib_stop_loss_buffer_ratio"":0.01,""fib_trigger_high"":0.608,""fib_trigger_low"":0.317,""fixed_profit_percent_take_profit"":0.054,""leg_size"":7,""long_threshold"":0.169,""max_loss_percent"":0.043,""min_total_weight"":1.9,""pullback_touch_threshold"":0.051,""rsi_overbought"":89.7,""rsi_oversold"":13.9,""short_threshold"":0.092,""tp_kline_ratio"":0.53,""volume_increase_ratio"":2.21,""weight_bolling"":0.95,""weight_engulfing"":0.96,""weight_fvg"":1.68,""weight_kline_hammer"":0.89,""weight_leg"":0.79}"
31	1	15721	211.28	0.44605	0.47048	0.541798	0.557436	1043	-8414.9128	False	False	False	False	"{""atr_take_profit_ratio"":3.17,""bb_width_threshold"":0.034,""chase_min_body_ratio"":0.56,""extreme_min_body_ratio"":0.6,""extreme_min_move_pct"":0.008,""fib_min_volume_ratio"":2.49,""fib_stop_loss_buffer_ratio"":0.006,""fib_trigger_high"":0.649,""fib_trigger_low"":0.341,""fixed_profit_percent_take_profit"":0.048,""leg_size"":6,""long_threshold"":0.187,""max_loss_percent"":0.038,""min_total_weight"":1.87,""pullback_touch_threshold"":0.039,""rsi_overbought"":88.1,""rsi_oversold"":13.8,""short_threshold"":0.128,""tp_kline_ratio"":0.57,""volume_increase_ratio"":3.06,""weight_bolling"":0.85,""weight_engulfing"":1.07,""weight_fvg"":1.56,""weight_kline_hammer"":1.02,""weight_leg"":0.87}"
32	1	15722	897.08	0.451087	1.19432	0.4168	0.531299	926	-5441.8984	False	False	False	False	"{""atr_take_profit_ratio"":2.64,""bb_width_threshold"":0.026,""chase_min_body_ratio"":0.61,""extreme_min_body_ratio"":0.66,""extreme_min_move_pct"":0.013,""fib_min_volume_ratio"":2.5,""fib_stop_loss_buffer_ratio"":0.013,""fib_trigger_high"":0.63,""fib_trigger_low"":0.292,""fixed_profit_percent_take_profit"":0.047,""leg_size"":9,""long_threshold"":0.173,""max_loss_percent"":0.04,""min_total_weight"":1.94,""pullback_touch_threshold"":0.043,""rsi_overbought"":87.3,""rsi_oversold"":16.1,""short_threshold"":0.111,""tp_kline_ratio"":0.59,""volume_increase_ratio"":3.04,""weight_bolling"":1.02,""weight_engulfing"":0.94,""weight_fvg"":1.3,""weight_kline_hammer"":0.88,""weight_leg"":1.02}"
33	1	15723	2120.06	0.497703	1.85296	0.410374	0.514367	653	-1314.9073	False	True	False	False	"{""atr_take_profit_ratio"":3.22,""bb_width_threshold"":0.03,""chase_min_body_ratio"":0.43,""extreme_min_body_ratio"":0.63,""extreme_min_move_pct"":0.01,""fib_min_volume_ratio"":1.88,""fib_stop_loss_buffer_ratio"":0.012,""fib_trigger_high"":0.623,""fib_trigger_low"":0.359,""fixed_profit_percent_take_profit"":0.055,""leg_size"":8,""long_threshold"":0.21,""max_loss_percent"":0.039,""min_total_weight"":2.15,""pullback_touch_threshold"":0.047,""rsi_overbought"":87.4,""rsi_oversold"":11.6,""short_threshold"":0.13,""tp_kline_ratio"":0.59,""volume_increase_ratio"":2.23,""weight_bolling"":1.06,""weight_engulfing"":0.87,""weight_fvg"":1.68,""weight_kline_hammer"":0.75,""weight_leg"":1.03}"
34	1	15724	2565.07	0.432907	1.8195	0.33264	0.568139	628	-2890.0378	False	False	True	False	"{""atr_take_profit_ratio"":3.38,""bb_width_threshold"":0.025,""chase_min_body_ratio"":0.54,""extreme_min_body_ratio"":0.6,""extreme_min_move_pct"":0.01,""fib_min_volume_ratio"":2.5,""fib_stop_loss_buffer_ratio"":0.007,""fib_trigger_high"":0.584,""fib_trigger_low"":0.329,""fixed_profit_percent_take_profit"":0.06,""leg_size"":6,""long_threshold"":0.22,""max_loss_percent"":0.04,""min_total_weight"":1.99,""pullback_touch_threshold"":0.059,""rsi_overbought"":88.4,""rsi_oversold"":17.2,""short_threshold"":0.119,""tp_kline_ratio"":0.72,""volume_increase_ratio"":2.6,""weight_bolling"":1.09,""weight_engulfing"":0.88,""weight_fvg"":1.39,""weight_kline_hammer"":0.92,""weight_leg"":0.85}"
35	1	15725	3331.36	0.428816	2.07937	0.307622	0.553885	585	-1697.434	True	False	True	False	"{""atr_take_profit_ratio"":2.84,""bb_width_threshold"":0.022,""chase_min_body_ratio"":0.55,""extreme_min_body_ratio"":0.68,""extreme_min_move_pct"":0.014,""fib_min_volume_ratio"":2.14,""fib_stop_loss_buffer_ratio"":0.01,""fib_trigger_high"":0.586,""fib_trigger_low"":0.324,""fixed_profit_percent_take_profit"":0.045,""leg_size"":7,""long_threshold"":0.153,""max_loss_percent"":0.043,""min_total_weight"":2.15,""pullback_touch_threshold"":0.048,""rsi_overbought"":83.6,""rsi_oversold"":14.0,""short_threshold"":0.128,""tp_kline_ratio"":0.71,""volume_increase_ratio"":3.02,""weight_bolling"":0.99,""weight_engulfing"":0.87,""weight_fvg"":1.3,""weight_kline_hammer"":0.93,""weight_leg"":0.88}"
36	1	15726	1822.81	0.47411	1.74284	0.280577	0.511745	622	-1682.6764	False	False	True	False	"{""atr_take_profit_ratio"":2.51,""bb_width_threshold"":0.026,""chase_min_body_ratio"":0.6,""extreme_min_body_ratio"":0.73,""extreme_min_move_pct"":0.014,""fib_min_volume_ratio"":2.17,""fib_stop_loss_buffer_ratio"":0.01,""fib_trigger_high"":0.622,""fib_trigger_low"":0.326,""fixed_profit_percent_take_profit"":0.057,""leg_size"":9,""long_threshold"":0.209,""max_loss_percent"":0.042,""min_total_weight"":2.0,""pullback_touch_threshold"":0.056,""rsi_overbought"":87.1,""rsi_oversold"":14.4,""short_threshold"":0.103,""tp_kline_ratio"":0.56,""volume_increase_ratio"":2.45,""weight_bolling"":0.99,""weight_engulfing"":0.85,""weight_fvg"":1.43,""weight_kline_hammer"":0.96,""weight_leg"":0.86}"
37	1	15727	594.33	0.463366	0.94923	0.39831	0.5357	1013	-5473.1872	False	False	False	False	"{""atr_take_profit_ratio"":3.05,""bb_width_threshold"":0.036,""chase_min_body_ratio"":0.56,""extreme_min_body_ratio"":0.67,""extreme_min_move_pct"":0.015,""fib_min_volume_ratio"":2.01,""fib_stop_loss_buffer_ratio"":0.008,""fib_trigger_high"":0.667,""fib_trigger_low"":0.348,""fixed_profit_percent_take_profit"":0.051,""leg_size"":6,""long_threshold"":0.17,""max_loss_percent"":0.038,""min_total_weight"":1.98,""pullback_touch_threshold"":0.046,""rsi_overbought"":85.0,""rsi_oversold"":11.1,""short_threshold"":0.099,""tp_kline_ratio"":0.55,""volume_increase_ratio"":3.07,""weight_bolling"":1.08,""weight_engulfing"":1.07,""weight_fvg"":1.48,""weight_kline_hammer"":0.83,""weight_leg"":1.01}"
38	1	15728	1726.53	0.439297	1.59531	0.322251	0.545651	627	-3726.1597	False	False	True	False	"{""atr_take_profit_ratio"":3.24,""bb_width_threshold"":0.024,""chase_min_body_ratio"":0.52,""extreme_min_body_ratio"":0.73,""extreme_min_move_pct"":0.013,""fib_min_volume_ratio"":1.92,""fib_stop_loss_buffer_ratio"":0.01,""fib_trigger_high"":0.643,""fib_trigger_low"":0.355,""fixed_profit_percent_take_profit"":0.049,""leg_size"":6,""long_threshold"":0.208,""max_loss_percent"":0.036,""min_total_weight"":2.09,""pullback_touch_threshold"":0.051,""rsi_overbought"":87.4,""rsi_oversold"":15.0,""short_threshold"":0.125,""tp_kline_ratio"":0.56,""volume_increase_ratio"":2.34,""weight_bolling"":1.04,""weight_engulfing"":0.85,""weight_fvg"":1.53,""weight_kline_hammer"":1.04,""weight_leg"":0.81}"
39	1	15729	680.98	0.436677	0.98135	0.491243	0.558793	992	-7149.4098	False	False	False	False	"{""atr_take_profit_ratio"":3.41,""bb_width_threshold"":0.027,""chase_min_body_ratio"":0.55,""extreme_min_body_ratio"":0.68,""extreme_min_move_pct"":0.014,""fib_min_volume_ratio"":2.15,""fib_stop_loss_buffer_ratio"":0.011,""fib_trigger_high"":0.653,""fib_trigger_low"":0.326,""fixed_profit_percent_take_profit"":0.058,""leg_size"":7,""long_threshold"":0.161,""max_loss_percent"":0.043,""min_total_weight"":1.88,""pullback_touch_threshold"":0.057,""rsi_overbought"":89.2,""rsi_oversold"":15.6,""short_threshold"":0.101,""tp_kline_ratio"":0.62,""volume_increase_ratio"":2.95,""weight_bolling"":0.88,""weight_engulfing"":0.93,""weight_fvg"":1.66,""weight_kline_hammer"":0.94,""weight_leg"":0.96}"
40	1	15730	2706.18	0.468697	2.05881	0.397295	0.513888	593	-1475.6118	False	False	False	False	"{""atr_take_profit_ratio"":2.9,""bb_width_threshold"":0.027,""chase_min_body_ratio"":0.47,""extreme_min_body_ratio"":0.59,""extreme_min_move_pct"":0.013,""fib_min_volume_ratio"":2.39,""fib_stop_loss_buffer_ratio"":0.013,""fib_trigger_high"":0.584,""fib_trigger_low"":0.296,""fixed_profit_percent_take_profit"":0.048,""leg_size"":8,""long_threshold"":0.205,""max_loss_percent"":0.038,""min_total_weight"":2.12,""pullback_touch_threshold"":0.042,""rsi_overbought"":84.9,""rsi_oversold"":11.0,""short_threshold"":0.086,""tp_kline_ratio"":0.65,""volume_increase_ratio"":3.07,""weight_bolling"":1.07,""weight_engulfing"":1.08,""weight_fvg"":1.47,""weight_kline_hammer"":0.89,""weight_leg"":0.79}"
41	1	15731	3146.81	0.458333	2.14558	0.299645	0.524591	578	-538.1784	False	False	True	False	"{""atr_take_profit_ratio"":2.53,""bb_width_threshold"":0.022,""chase_min_body_ratio"":0.62,""extreme_min_body_ratio"":0.74,""extreme_min_move_pct"":0.008,""fib_min_volume_ratio"":2.31,""fib_stop_loss_buffer_ratio"":0.007,""fib_trigger_high"":0.619,""fib_trigger_low"":0.313,""fixed_profit_percent_take_profit"":0.052,""leg_size"":9,""long_threshold"":0.215,""max_loss_percent"":0.04,""min_total_weight"":2.11,""pullback_touch_threshold"":0.043,""rsi_overbought"":84.2,""rsi_oversold"":18.0,""short_threshold"":0.112,""tp_kline_ratio"":0.57,""volume_increase_ratio"":2.84,""weight_bolling"":0.87,""weight_engulfing"":0.83,""weight_fvg"":1.51,""weight_kline_hammer"":0.76,""weight_leg"":0.81}"
42	1	15732	1137.29	0.448166	1.42421	0.335857	0.502571	630	-4326.1479	False	False	True	False	"{""atr_take_profit_ratio"":2.82,""bb_width_threshold"":0.024,""chase_min_body_ratio"":0.53,""extreme_min_body_ratio"":0.7,""extreme_min_move_pct"":0.014,""fib_min_volume_ratio"":2.23,""fib_stop_loss_buffer_ratio"":0.013,""fib_trigger_high"":0.666,""fib_trigger_low"":0.306,""fixed_profit_percent_take_profit"":0.052,""leg_size"":9,""long_threshold"":0.184,""max_loss_percent"":0.038,""min_total_weight"":2.02,""pullback_touch_threshold"":0.054,""rsi_overbought"":87.5,""rsi_oversold"":18.0,""short_threshold"":0.099,""tp_kline_ratio"":0.7,""volume_increase_ratio"":2.96,""weight_bolling"":1.02,""weight_engulfing"":1.06,""weight_fvg"":1.35,""weight_kline_hammer"":0.83,""weight_leg"":0.89}"
43	1	15733	3792.87	0.500759	2.23958	0.361393	0.540997	660	101451.9133	True	True	True	True	"{""atr_take_profit_ratio"":3.5,""bb_width_threshold"":0.035,""chase_min_body_ratio"":0.5,""extreme_min_body_ratio"":0.64,""extreme_min_move_pct"":0.013,""fib_min_volume_ratio"":1.75,""fib_stop_loss_buffer_ratio"":0.006,""fib_trigger_high"":0.608,""fib_trigger_low"":0.297,""fixed_profit_percent_take_profit"":0.048,""leg_size"":7,""long_threshold"":0.214,""max_loss_percent"":0.041,""min_total_weight"":2.14,""pullback_touch_threshold"":0.044,""rsi_overbought"":88.6,""rsi_oversold"":13.4,""short_threshold"":0.081,""tp_kline_ratio"":0.57,""volume_increase_ratio"":2.59,""weight_bolling"":0.87,""weight_engulfing"":0.94,""weight_fvg"":1.4,""weight_kline_hammer"":0.86,""weight_leg"":0.86}"
44	1	15734	2372.31	0.450331	1.85531	0.316852	0.539564	606	-2205.8277	False	False	True	False	"{""atr_take_profit_ratio"":3.3,""bb_width_threshold"":0.026,""chase_min_body_ratio"":0.59,""extreme_min_body_ratio"":0.6,""extreme_min_move_pct"":0.011,""fib_min_volume_ratio"":2.5,""fib_stop_loss_buffer_ratio"":0.008,""fib_trigger_high"":0.607,""fib_trigger_low"":0.341,""fixed_profit_percent_take_profit"":0.044,""leg_size"":7,""long_threshold"":0.203,""max_loss_percent"":0.036,""min_total_weight"":2.07,""pullback_touch_threshold"":0.044,""rsi_overbought"":85.6,""rsi_oversold"":14.7,""short_threshold"":0.13,""tp_kline_ratio"":0.55,""volume_increase_ratio"":2.8,""weight_bolling"":0.98,""weight_engulfing"":1.0,""weight_fvg"":1.5,""weight_kline_hammer"":1.0,""weight_leg"":0.81}"
45	1	15735	750.81	0.414322	1.13701	0.40772	0.508799	786	-7072.0777	False	False	False	False	"{""atr_take_profit_ratio"":3.02,""bb_width_threshold"":0.022,""chase_min_body_ratio"":0.61,""extreme_min_body_ratio"":0.62,""extreme_min_move_pct"":0.009,""fib_min_volume_ratio"":1.81,""fib_stop_loss_buffer_ratio"":0.007,""fib_trigger_high"":0.643,""fib_trigger_low"":0.317,""fixed_profit_percent_take_profit"":0.042,""leg_size"":9,""long_threshold"":0.162,""max_loss_percent"":0.037,""min_total_weight"":1.97,""pullback_touch_threshold"":0.051,""rsi_overbought"":82.1,""rsi_oversold"":15.3,""short_threshold"":0.129,""tp_kline_ratio"":0.56,""volume_increase_ratio"":2.71,""weight_bolling"":0.96,""weight_engulfing"":1.05,""weight_fvg"":1.58,""weight_kline_hammer"":0.75,""weight_leg"":0.92}"
46	1	15736	288.7	0.435536	0.56285	0.535207	0.579498	925	-8566.7714	False	False	False	False	"{""atr_take_profit_ratio"":2.95,""bb_width_threshold"":0.026,""chase_min_body_ratio"":0.56,""extreme_min_body_ratio"":0.71,""extreme_min_move_pct"":0.012,""fib_min_volume_ratio"":1.78,""fib_stop_loss_buffer_ratio"":0.011,""fib_trigger_high"":0.668,""fib_trigger_low"":0.359,""fixed_profit_percent_take_profit"":0.051,""leg_size"":6,""long_threshold"":0.151,""max_loss_percent"":0.041,""min_total_weight"":1.87,""pullback_touch_threshold"":0.038,""rsi_overbought"":84.9,""rsi_oversold"":11.2,""short_threshold"":0.109,""tp_kline_ratio"":0.74,""volume_increase_ratio"":3.0,""weight_bolling"":1.08,""weight_engulfing"":0.83,""weight_fvg"":1.57,""weight_kline_hammer"":1.03,""weight_leg"":0.99}"
47	1	15737	1184.82	0.456355	1.43823	0.291922	0.507684	656	-3578.5314	False	False	True	False	"{""atr_take_profit_ratio"":2.67,""bb_width_threshold"":0.027,""chase_min_body_ratio"":0.44,""extreme_min_body_ratio"":0.63,""extreme_min_move_pct"":0.012,""fib_min_volume_ratio"":2.19,""fib_stop_loss_buffer_ratio"":0.011,""fib_trigger_high"":0.604,""fib_trigger_low"":0.324,""fixed_profit_percent_take_profit"":0.056,""leg_size"":9,""long_threshold"":0.162,""max_loss_percent"":0.037,""min_total_weight"":2.02,""pullback_touch_threshold"":0.048,""rsi_overbought"":88.7,""rsi_oversold"":18.0,""short_threshold"":0.097,""tp_kline_ratio"":0.69,""volume_increase_ratio"":2.24,""weight_bolling"":1.03,""weight_engulfing"":0.84,""weight_fvg"":1.34,""weight_kline_hammer"":1.02,""weight_leg"":0.94}"
48	1	15738	2595.88	0.482036	1.98471	0.334258	0.523456	669	-659.2136	False	False	True	False	"{""atr_take_profit_ratio"":3.23,""bb_width_threshold"":0.03,""chase_min_body_ratio"":0.47,""extreme_min_body_ratio"":0.65,""extreme_min_move_pct"":0.014,""fib_min_volume_ratio"":2.28,""fib_stop_loss_buffer_ratio"":0.008,""fib_trigger_high"":0.61,""fib_trigger_low"":0.327,""fixed_profit_percent_take_profit"":0.044,""leg_size"":7,""long_threshold"":0.218,""max_loss_percent"":0.036,""min_total_weight"":2.14,""pullback_touch_threshold"":0.035,""rsi_overbought"":87.7,""rsi_oversold"":16.7,""short_threshold"":0.089,""tp_kline_ratio"":0.53,""volume_increase_ratio"":2.6,""weight_bolling"":1.01,""weight_engulfing"":1.07,""weight_fvg"":1.56,""weight_kline_hammer"":0.85,""weight_leg"":0.91}"
49	2	15739	2705.18	0.505673	2.10972	0.281294	0.501412	617	1006.7807	False	True	True	False	"{""atr_take_profit_ratio"":2.96,""bb_width_threshold"":0.033,""chase_min_body_ratio"":0.47,""extreme_min_body_ratio"":0.64,""extreme_min_move_pct"":0.012,""fib_min_volume_ratio"":2.21,""fib_stop_loss_buffer_ratio"":0.007,""fib_trigger_high"":0.63,""fib_trigger_low"":0.295,""fixed_profit_percent_take_profit"":0.041,""leg_size"":9,""long_threshold"":0.152,""max_loss_percent"":0.041,""min_total_weight"":2.2,""pullback_touch_threshold"":0.041,""rsi_overbought"":82.6,""rsi_oversold"":16.5,""short_threshold"":0.102,""tp_kline_ratio"":0.64,""volume_increase_ratio"":3.02,""weight_bolling"":0.9,""weight_engulfing"":0.99,""weight_fvg"":1.64,""weight_kline_hammer"":0.88,""weight_leg"":0.95}"
50	2	15740	5733.5	0.502463	2.72087	0.263726	0.521827	609	104963.9875	True	True	True	True	"{""atr_take_profit_ratio"":3.24,""bb_width_threshold"":0.029,""chase_min_body_ratio"":0.46,""extreme_min_body_ratio"":0.66,""extreme_min_move_pct"":0.011,""fib_min_volume_ratio"":1.78,""fib_stop_loss_buffer_ratio"":0.007,""fib_trigger_high"":0.638,""fib_trigger_low"":0.291,""fixed_profit_percent_take_profit"":0.054,""leg_size"":9,""long_threshold"":0.195,""max_loss_percent"":0.041,""min_total_weight"":2.08,""pullback_touch_threshold"":0.052,""rsi_overbought"":86.7,""rsi_oversold"":16.8,""short_threshold"":0.119,""tp_kline_ratio"":0.59,""volume_increase_ratio"":3.08,""weight_bolling"":0.85,""weight_engulfing"":0.84,""weight_fvg"":1.22,""weight_kline_hammer"":0.97,""weight_leg"":0.75}"
51	2	15741	2448.76	0.5088	1.96536	0.260989	0.515802	626	821.3563	False	True	True	False	"{""atr_take_profit_ratio"":3.21,""bb_width_threshold"":0.035,""chase_min_body_ratio"":0.49,""extreme_min_body_ratio"":0.67,""extreme_min_move_pct"":0.016,""fib_min_volume_ratio"":2.48,""fib_stop_loss_buffer_ratio"":0.013,""fib_trigger_high"":0.614,""fib_trigger_low"":0.306,""fixed_profit_percent_take_profit"":0.055,""leg_size"":9,""long_threshold"":0.216,""max_loss_percent"":0.044,""min_total_weight"":2.13,""pullback_touch_threshold"":0.039,""rsi_overbought"":85.7,""rsi_oversold"":11.0,""short_threshold"":0.082,""tp_kline_ratio"":0.55,""volume_increase_ratio"":2.59,""weight_bolling"":1.1,""weight_engulfing"":1.02,""weight_fvg"":1.54,""weight_kline_hammer"":0.92,""weight_leg"":0.78}"
52	2	15742	4860.0	0.507246	2.54204	0.256899	0.52451	622	104068.1914	True	True	True	True	"{""atr_take_profit_ratio"":3.26,""bb_width_threshold"":0.031,""chase_min_body_ratio"":0.54,""extreme_min_body_ratio"":0.71,""extreme_min_move_pct"":0.016,""fib_min_volume_ratio"":2.5,""fib_stop_loss_buffer_ratio"":0.014,""fib_trigger_high"":0.616,""fib_trigger_low"":0.295,""fixed_profit_percent_take_profit"":0.059,""leg_size"":9,""long_threshold"":0.21,""max_loss_percent"":0.042,""min_total_weight"":2.2,""pullback_touch_threshold"":0.035,""rsi_overbought"":87.2,""rsi_oversold"":12.9,""short_threshold"":0.08,""tp_kline_ratio"":0.64,""volume_increase_ratio"":2.53,""weight_bolling"":0.99,""weight_engulfing"":1.1,""weight_fvg"":1.44,""weight_kline_hammer"":0.92,""weight_leg"":0.82}"
53	2	15743	4636.03	0.49459	2.44936	0.285672	0.534674	648	102968.779	True	True	True	True	"{""atr_take_profit_ratio"":3.29,""bb_width_threshold"":0.032,""chase_min_body_ratio"":0.54,""extreme_min_body_ratio"":0.73,""extreme_min_move_pct"":0.016,""fib_min_volume_ratio"":2.42,""fib_stop_loss_buffer_ratio"":0.013,""fib_trigger_high"":0.632,""fib_trigger_low"":0.298,""fixed_profit_percent_take_profit"":0.06,""leg_size"":8,""long_threshold"":0.198,""max_loss_percent"":0.043,""min_total_weight"":2.15,""pullback_touch_threshold"":0.035,""rsi_overbought"":87.5,""rsi_oversold"":13.5,""short_threshold"":0.081,""tp_kline_ratio"":0.64,""volume_increase_ratio"":2.68,""weight_bolling"":1.07,""weight_engulfing"":1.1,""weight_fvg"":1.39,""weight_kline_hammer"":0.99,""weight_leg"":0.88}"
54	2	15744	4920.75	0.474026	2.44614	0.330244	0.548141	616	2069.5153	True	False	True	False	"{""atr_take_profit_ratio"":3.18,""bb_width_threshold"":0.029,""chase_min_body_ratio"":0.46,""extreme_min_body_ratio"":0.62,""extreme_min_move_pct"":0.012,""fib_min_volume_ratio"":1.89,""fib_stop_loss_buffer_ratio"":0.006,""fib_trigger_high"":0.641,""fib_trigger_low"":0.309,""fixed_profit_percent_take_profit"":0.058,""leg_size"":7,""long_threshold"":0.182,""max_loss_percent"":0.04,""min_total_weight"":2.2,""pullback_touch_threshold"":0.053,""rsi_overbought"":86.9,""rsi_oversold"":15.1,""short_threshold"":0.123,""tp_kline_ratio"":0.68,""volume_increase_ratio"":3.1,""weight_bolling"":0.85,""weight_engulfing"":0.8,""weight_fvg"":1.27,""weight_kline_hammer"":0.94,""weight_leg"":0.82}"
55	2	15745	3717.87	0.510236	2.32123	0.25723	0.517876	636	102711.7921	True	True	True	True	"{""atr_take_profit_ratio"":3.28,""bb_width_threshold"":0.031,""chase_min_body_ratio"":0.5,""extreme_min_body_ratio"":0.74,""extreme_min_move_pct"":0.016,""fib_min_volume_ratio"":2.38,""fib_stop_loss_buffer_ratio"":0.014,""fib_trigger_high"":0.612,""fib_trigger_low"":0.29,""fixed_profit_percent_take_profit"":0.06,""leg_size"":9,""long_threshold"":0.22,""max_loss_percent"":0.042,""min_total_weight"":2.2,""pullback_touch_threshold"":0.035,""rsi_overbought"":87.0,""rsi_oversold"":14.2,""short_threshold"":0.08,""tp_kline_ratio"":0.61,""volume_increase_ratio"":2.41,""weight_bolling"":0.99,""weight_engulfing"":1.1,""weight_fvg"":1.53,""weight_kline_hammer"":0.92,""weight_leg"":0.75}"
56	2	15746	3872.43	0.4896	2.31467	0.255014	0.527734	626	102048.7913	True	True	True	True	"{""atr_take_profit_ratio"":3.42,""bb_width_threshold"":0.029,""chase_min_body_ratio"":0.55,""extreme_min_body_ratio"":0.74,""extreme_min_move_pct"":0.015,""fib_min_volume_ratio"":2.5,""fib_stop_loss_buffer_ratio"":0.014,""fib_trigger_high"":0.609,""fib_trigger_low"":0.292,""fixed_profit_percent_take_profit"":0.059,""leg_size"":9,""long_threshold"":0.22,""max_loss_percent"":0.041,""min_total_weight"":2.19,""pullback_touch_threshold"":0.035,""rsi_overbought"":86.6,""rsi_oversold"":14.0,""short_threshold"":0.091,""tp_kline_ratio"":0.67,""volume_increase_ratio"":2.39,""weight_bolling"":1.01,""weight_engulfing"":1.1,""weight_fvg"":1.51,""weight_kline_hammer"":1.0,""weight_leg"":0.78}"
57	2	15747	6899.7	0.501618	2.83248	0.310947	0.536397	618	105886.0372	True	True	True	True	"{""atr_take_profit_ratio"":3.44,""bb_width_threshold"":0.029,""chase_min_body_ratio"":0.47,""extreme_min_body_ratio"":0.62,""extreme_min_move_pct"":0.011,""fib_min_volume_ratio"":1.73,""fib_stop_loss_buffer_ratio"":0.006,""fib_trigger_high"":0.639,""fib_trigger_low"":0.29,""fixed_profit_percent_take_profit"":0.057,""leg_size"":8,""long_threshold"":0.187,""max_loss_percent"":0.04,""min_total_weight"":2.16,""pullback_touch_threshold"":0.053,""rsi_overbought"":87.0,""rsi_oversold"":15.5,""short_threshold"":0.132,""tp_kline_ratio"":0.56,""volume_increase_ratio"":3.1,""weight_bolling"":0.87,""weight_engulfing"":0.91,""weight_fvg"":1.22,""weight_kline_hammer"":0.92,""weight_leg"":0.83}"
58	2	15748	3412.3	0.510367	2.2458	0.285461	0.517795	627	102072.4534	True	True	True	True	"{""atr_take_profit_ratio"":3.45,""bb_width_threshold"":0.032,""chase_min_body_ratio"":0.45,""extreme_min_body_ratio"":0.62,""extreme_min_move_pct"":0.011,""fib_min_volume_ratio"":1.7,""fib_stop_loss_buffer_ratio"":0.006,""fib_trigger_high"":0.635,""fib_trigger_low"":0.29,""fixed_profit_percent_take_profit"":0.06,""leg_size"":9,""long_threshold"":0.183,""max_loss_percent"":0.041,""min_total_weight"":2.19,""pullback_touch_threshold"":0.056,""rsi_overbought"":85.1,""rsi_oversold"":16.7,""short_threshold"":0.137,""tp_kline_ratio"":0.54,""volume_increase_ratio"":3.1,""weight_bolling"":0.8,""weight_engulfing"":0.88,""weight_fvg"":1.2,""weight_kline_hammer"":0.89,""weight_leg"":0.88}"
59	2	15749	1442.26	0.493314	1.57082	0.263398	0.509927	674	-1415.6848	False	True	True	False	"{""atr_take_profit_ratio"":3.17,""bb_width_threshold"":0.034,""chase_min_body_ratio"":0.5,""extreme_min_body_ratio"":0.71,""extreme_min_move_pct"":0.016,""fib_min_volume_ratio"":2.37,""fib_stop_loss_buffer_ratio"":0.014,""fib_trigger_high"":0.615,""fib_trigger_low"":0.314,""fixed_profit_percent_take_profit"":0.06,""leg_size"":9,""long_threshold"":0.211,""max_loss_percent"":0.042,""min_total_weight"":2.1,""pullback_touch_threshold"":0.035,""rsi_overbought"":89.3,""rsi_oversold"":12.1,""short_threshold"":0.089,""tp_kline_ratio"":0.61,""volume_increase_ratio"":2.6,""weight_bolling"":1.01,""weight_engulfing"":1.1,""weight_fvg"":1.4,""weight_kline_hammer"":1.05,""weight_leg"":0.89}"
60	2	15750	4032.57	0.494327	2.35683	0.25723	0.526568	618	102443.5389	True	True	True	True	"{""atr_take_profit_ratio"":3.29,""bb_width_threshold"":0.028,""chase_min_body_ratio"":0.48,""extreme_min_body_ratio"":0.71,""extreme_min_move_pct"":0.016,""fib_min_volume_ratio"":2.43,""fib_stop_loss_buffer_ratio"":0.014,""fib_trigger_high"":0.593,""fib_trigger_low"":0.29,""fixed_profit_percent_take_profit"":0.056,""leg_size"":9,""long_threshold"":0.218,""max_loss_percent"":0.042,""min_total_weight"":2.2,""pullback_touch_threshold"":0.039,""rsi_overbought"":86.5,""rsi_oversold"":13.5,""short_threshold"":0.088,""tp_kline_ratio"":0.61,""volume_increase_ratio"":2.46,""weight_bolling"":1.02,""weight_engulfing"":1.1,""weight_fvg"":1.63,""weight_kline_hammer"":0.97,""weight_leg"":0.77}"
61	2	15751	2819.71	0.500763	2.08476	0.260504	0.515308	656	1053.8207	False	True	True	False	"{""atr_take_profit_ratio"":3.44,""bb_width_threshold"":0.031,""chase_min_body_ratio"":0.58,""extreme_min_body_ratio"":0.74,""extreme_min_move_pct"":0.016,""fib_min_volume_ratio"":2.39,""fib_stop_loss_buffer_ratio"":0.014,""fib_trigger_high"":0.632,""fib_trigger_low"":0.293,""fixed_profit_percent_take_profit"":0.06,""leg_size"":9,""long_threshold"":0.214,""max_loss_percent"":0.041,""min_total_weight"":2.14,""pullback_touch_threshold"":0.035,""rsi_overbought"":85.4,""rsi_oversold"":13.8,""short_threshold"":0.08,""tp_kline_ratio"":0.62,""volume_increase_ratio"":2.63,""weight_bolling"":1.02,""weight_engulfing"":1.1,""weight_fvg"":1.38,""weight_kline_hammer"":0.96,""weight_leg"":0.88}"
62	2	15752	2521.15	0.489198	1.93572	0.365514	0.530624	648	-771.0125	False	True	True	False	"{""atr_take_profit_ratio"":3.47,""bb_width_threshold"":0.032,""chase_min_body_ratio"":0.42,""extreme_min_body_ratio"":0.64,""extreme_min_move_pct"":0.011,""fib_min_volume_ratio"":1.7,""fib_stop_loss_buffer_ratio"":0.006,""fib_trigger_high"":0.655,""fib_trigger_low"":0.29,""fixed_profit_percent_take_profit"":0.06,""leg_size"":7,""long_threshold"":0.176,""max_loss_percent"":0.039,""min_total_weight"":2.2,""pullback_touch_threshold"":0.052,""rsi_overbought"":85.8,""rsi_oversold"":16.9,""short_threshold"":0.118,""tp_kline_ratio"":0.6,""volume_increase_ratio"":3.08,""weight_bolling"":0.8,""weight_engulfing"":0.9,""weight_fvg"":1.24,""weight_kline_hammer"":0.95,""weight_leg"":0.84}"
63	2	15753	2910.66	0.49537	2.06648	0.288412	0.527158	649	678.3671	False	True	True	False	"{""atr_take_profit_ratio"":3.24,""bb_width_threshold"":0.032,""chase_min_body_ratio"":0.54,""extreme_min_body_ratio"":0.72,""extreme_min_move_pct"":0.015,""fib_min_volume_ratio"":2.32,""fib_stop_loss_buffer_ratio"":0.012,""fib_trigger_high"":0.612,""fib_trigger_low"":0.309,""fixed_profit_percent_take_profit"":0.06,""leg_size"":8,""long_threshold"":0.21,""max_loss_percent"":0.041,""min_total_weight"":2.2,""pullback_touch_threshold"":0.035,""rsi_overbought"":88.6,""rsi_oversold"":13.1,""short_threshold"":0.08,""tp_kline_ratio"":0.65,""volume_increase_ratio"":2.28,""weight_bolling"":1.05,""weight_engulfing"":1.1,""weight_fvg"":1.44,""weight_kline_hammer"":0.88,""weight_leg"":0.75}"
64	2	15754	4121.27	0.505636	2.45696	0.288933	0.509859	621	102881.1571	True	True	True	True	"{""atr_take_profit_ratio"":3.26,""bb_width_threshold"":0.031,""chase_min_body_ratio"":0.47,""extreme_min_body_ratio"":0.64,""extreme_min_move_pct"":0.01,""fib_min_volume_ratio"":1.92,""fib_stop_loss_buffer_ratio"":0.006,""fib_trigger_high"":0.638,""fib_trigger_low"":0.29,""fixed_profit_percent_take_profit"":0.053,""leg_size"":9,""long_threshold"":0.192,""max_loss_percent"":0.04,""min_total_weight"":2.12,""pullback_touch_threshold"":0.056,""rsi_overbought"":87.1,""rsi_oversold"":16.0,""short_threshold"":0.13,""tp_kline_ratio"":0.62,""volume_increase_ratio"":3.01,""weight_bolling"":0.91,""weight_engulfing"":0.85,""weight_fvg"":1.21,""weight_kline_hammer"":0.95,""weight_leg"":0.8}"
65	2	15755	3736.07	0.474277	2.20984	0.300136	0.545512	622	781.2714	True	False	True	False	"{""atr_take_profit_ratio"":3.05,""bb_width_threshold"":0.028,""chase_min_body_ratio"":0.49,""extreme_min_body_ratio"":0.66,""extreme_min_move_pct"":0.011,""fib_min_volume_ratio"":2.0,""fib_stop_loss_buffer_ratio"":0.006,""fib_trigger_high"":0.636,""fib_trigger_low"":0.29,""fixed_profit_percent_take_profit"":0.06,""leg_size"":7,""long_threshold"":0.192,""max_loss_percent"":0.041,""min_total_weight"":2.17,""pullback_touch_threshold"":0.06,""rsi_overbought"":85.7,""rsi_oversold"":15.5,""short_threshold"":0.138,""tp_kline_ratio"":0.63,""volume_increase_ratio"":3.1,""weight_bolling"":0.85,""weight_engulfing"":0.8,""weight_fvg"":1.2,""weight_kline_hammer"":0.95,""weight_leg"":0.75}"
66	2	15756	3431.89	0.495948	2.27633	0.262961	0.512022	617	101741.0908	True	True	True	True	"{""atr_take_profit_ratio"":3.33,""bb_width_threshold"":0.031,""chase_min_body_ratio"":0.44,""extreme_min_body_ratio"":0.61,""extreme_min_move_pct"":0.008,""fib_min_volume_ratio"":2.03,""fib_stop_loss_buffer_ratio"":0.006,""fib_trigger_high"":0.639,""fib_trigger_low"":0.29,""fixed_profit_percent_take_profit"":0.051,""leg_size"":9,""long_threshold"":0.2,""max_loss_percent"":0.041,""min_total_weight"":2.11,""pullback_touch_threshold"":0.059,""rsi_overbought"":88.5,""rsi_oversold"":15.8,""short_threshold"":0.134,""tp_kline_ratio"":0.66,""volume_increase_ratio"":2.88,""weight_bolling"":0.85,""weight_engulfing"":0.82,""weight_fvg"":1.25,""weight_kline_hammer"":0.95,""weight_leg"":0.86}"
67	2	15757	5979.53	0.503226	2.70215	0.284586	0.533167	621	105045.5676	True	True	True	True	"{""atr_take_profit_ratio"":3.19,""bb_width_threshold"":0.03,""chase_min_body_ratio"":0.57,""extreme_min_body_ratio"":0.69,""extreme_min_move_pct"":0.015,""fib_min_volume_ratio"":2.44,""fib_stop_loss_buffer_ratio"":0.012,""fib_trigger_high"":0.599,""fib_trigger_low"":0.303,""fixed_profit_percent_take_profit"":0.055,""leg_size"":8,""long_threshold"":0.2,""max_loss_percent"":0.04,""min_total_weight"":2.17,""pullback_touch_threshold"":0.037,""rsi_overbought"":85.3,""rsi_oversold"":12.3,""short_threshold"":0.086,""tp_kline_ratio"":0.6,""volume_increase_ratio"":2.66,""weight_bolling"":1.07,""weight_engulfing"":1.1,""weight_fvg"":1.39,""weight_kline_hammer"":0.94,""weight_leg"":0.78}"
68	2	15758	4336.53	0.469722	2.29195	0.286345	0.557443	613	1433.034	True	False	True	False	"{""atr_take_profit_ratio"":3.41,""bb_width_threshold"":0.027,""chase_min_body_ratio"":0.49,""extreme_min_body_ratio"":0.59,""extreme_min_move_pct"":0.011,""fib_min_volume_ratio"":1.7,""fib_stop_loss_buffer_ratio"":0.006,""fib_trigger_high"":0.631,""fib_trigger_low"":0.304,""fixed_profit_percent_take_profit"":0.054,""leg_size"":7,""long_threshold"":0.179,""max_loss_percent"":0.042,""min_total_weight"":2.11,""pullback_touch_threshold"":0.053,""rsi_overbought"":86.1,""rsi_oversold"":14.4,""short_threshold"":0.132,""tp_kline_ratio"":0.56,""volume_increase_ratio"":3.1,""weight_bolling"":0.86,""weight_engulfing"":0.97,""weight_fvg"":1.2,""weight_kline_hammer"":0.91,""weight_leg"":0.79}"
69	2	15759	4377.17	0.485666	2.42941	0.282745	0.527796	595	102346.4375	True	True	True	True	"{""atr_take_profit_ratio"":3.4,""bb_width_threshold"":0.027,""chase_min_body_ratio"":0.42,""extreme_min_body_ratio"":0.62,""extreme_min_move_pct"":0.01,""fib_min_volume_ratio"":1.81,""fib_stop_loss_buffer_ratio"":0.006,""fib_trigger_high"":0.62,""fib_trigger_low"":0.303,""fixed_profit_percent_take_profit"":0.058,""leg_size"":9,""long_threshold"":0.203,""max_loss_percent"":0.043,""min_total_weight"":2.04,""pullback_touch_threshold"":0.056,""rsi_overbought"":86.2,""rsi_oversold"":17.4,""short_threshold"":0.13,""tp_kline_ratio"":0.63,""volume_increase_ratio"":2.93,""weight_bolling"":0.81,""weight_engulfing"":0.84,""weight_fvg"":1.27,""weight_kline_hammer"":0.96,""weight_leg"":0.75}"
70	2	15760	1649.47	0.496997	1.67291	0.299331	0.509291	668	-1195.4648	False	True	True	False	"{""atr_take_profit_ratio"":3.31,""bb_width_threshold"":0.033,""chase_min_body_ratio"":0.52,""extreme_min_body_ratio"":0.71,""extreme_min_move_pct"":0.016,""fib_min_volume_ratio"":2.38,""fib_stop_loss_buffer_ratio"":0.014,""fib_trigger_high"":0.619,""fib_trigger_low"":0.312,""fixed_profit_percent_take_profit"":0.06,""leg_size"":9,""long_threshold"":0.207,""max_loss_percent"":0.041,""min_total_weight"":2.12,""pullback_touch_threshold"":0.035,""rsi_overbought"":87.3,""rsi_oversold"":12.2,""short_threshold"":0.08,""tp_kline_ratio"":0.62,""volume_increase_ratio"":2.62,""weight_bolling"":1.03,""weight_engulfing"":1.1,""weight_fvg"":1.33,""weight_kline_hammer"":0.94,""weight_leg"":0.95}"
71	2	15761	5227.98	0.49835	2.6342	0.264826	0.520762	606	104155.1337	True	True	True	True	"{""atr_take_profit_ratio"":3.06,""bb_width_threshold"":0.029,""chase_min_body_ratio"":0.48,""extreme_min_body_ratio"":0.69,""extreme_min_move_pct"":0.01,""fib_min_volume_ratio"":1.86,""fib_stop_loss_buffer_ratio"":0.006,""fib_trigger_high"":0.621,""fib_trigger_low"":0.293,""fixed_profit_percent_take_profit"":0.056,""leg_size"":9,""long_threshold"":0.181,""max_loss_percent"":0.042,""min_total_weight"":2.03,""pullback_touch_threshold"":0.056,""rsi_overbought"":86.4,""rsi_oversold"":17.3,""short_threshold"":0.118,""tp_kline_ratio"":0.63,""volume_increase_ratio"":3.1,""weight_bolling"":0.82,""weight_engulfing"":0.8,""weight_fvg"":1.27,""weight_kline_hammer"":1.03,""weight_leg"":0.75}"
72	2	15762	3221.2	0.474522	2.10756	0.340989	0.539128	628	-204.012	False	False	True	False	"{""atr_take_profit_ratio"":3.25,""bb_width_threshold"":0.029,""chase_min_body_ratio"":0.48,""extreme_min_body_ratio"":0.66,""extreme_min_move_pct"":0.012,""fib_min_volume_ratio"":1.76,""fib_stop_loss_buffer_ratio"":0.007,""fib_trigger_high"":0.644,""fib_trigger_low"":0.3,""fixed_profit_percent_take_profit"":0.054,""leg_size"":7,""long_threshold"":0.19,""max_loss_percent"":0.039,""min_total_weight"":2.18,""pullback_touch_threshold"":0.05,""rsi_overbought"":85.3,""rsi_oversold"":16.1,""short_threshold"":0.129,""tp_kline_ratio"":0.64,""volume_increase_ratio"":3.1,""weight_bolling"":0.89,""weight_engulfing"":0.92,""weight_fvg"":1.2,""weight_kline_hammer"":0.85,""weight_leg"":0.75}"
73	2	15763	4937.28	0.490849	2.55336	0.263398	0.525791	601	103454.5477	True	True	True	True	"{""atr_take_profit_ratio"":3.36,""bb_width_threshold"":0.028,""chase_min_body_ratio"":0.48,""extreme_min_body_ratio"":0.63,""extreme_min_move_pct"":0.011,""fib_min_volume_ratio"":1.84,""fib_stop_loss_buffer_ratio"":0.008,""fib_trigger_high"":0.657,""fib_trigger_low"":0.3,""fixed_profit_percent_take_profit"":0.057,""leg_size"":9,""long_threshold"":0.204,""max_loss_percent"":0.041,""min_total_weight"":2.08,""pullback_touch_threshold"":0.047,""rsi_overbought"":85.2,""rsi_oversold"":17.4,""short_threshold"":0.122,""tp_kline_ratio"":0.62,""volume_increase_ratio"":3.02,""weight_bolling"":0.86,""weight_engulfing"":0.8,""weight_fvg"":1.27,""weight_kline_hammer"":0.98,""weight_leg"":0.78}"
74	2	15764	4845.59	0.498392	2.5202	0.286185	0.528461	623	103432.5696	True	True	True	True	"{""atr_take_profit_ratio"":3.12,""bb_width_threshold"":0.032,""chase_min_body_ratio"":0.49,""extreme_min_body_ratio"":0.73,""extreme_min_move_pct"":0.015,""fib_min_volume_ratio"":2.5,""fib_stop_loss_buffer_ratio"":0.014,""fib_trigger_high"":0.615,""fib_trigger_low"":0.313,""fixed_profit_percent_take_profit"":0.059,""leg_size"":8,""long_threshold"":0.204,""max_loss_percent"":0.041,""min_total_weight"":2.19,""pullback_touch_threshold"":0.035,""rsi_overbought"":86.1,""rsi_oversold"":12.4,""short_threshold"":0.092,""tp_kline_ratio"":0.66,""volume_increase_ratio"":2.58,""weight_bolling"":1.05,""weight_engulfing"":1.07,""weight_fvg"":1.45,""weight_kline_hammer"":0.92,""weight_leg"":0.75}"
75	2	15765	3913.84	0.491909	2.32322	0.256899	0.527986	619	102180.3217	True	True	True	True	"{""atr_take_profit_ratio"":3.38,""bb_width_threshold"":0.028,""chase_min_body_ratio"":0.53,""extreme_min_body_ratio"":0.69,""extreme_min_move_pct"":0.016,""fib_min_volume_ratio"":2.5,""fib_stop_loss_buffer_ratio"":0.014,""fib_trigger_high"":0.622,""fib_trigger_low"":0.29,""fixed_profit_percent_take_profit"":0.06,""leg_size"":9,""long_threshold"":0.22,""max_loss_percent"":0.042,""min_total_weight"":2.16,""pullback_touch_threshold"":0.037,""rsi_overbought"":87.9,""rsi_oversold"":11.7,""short_threshold"":0.085,""tp_kline_ratio"":0.64,""volume_increase_ratio"":2.41,""weight_bolling"":1.02,""weight_engulfing"":1.09,""weight_fvg"":1.37,""weight_kline_hammer"":0.96,""weight_leg"":0.78}"
76	2	15766	4911.35	0.503322	2.5751	0.268003	0.520314	602	103923.3347	True	True	True	True	"{""atr_take_profit_ratio"":3.1,""bb_width_threshold"":0.029,""chase_min_body_ratio"":0.52,""extreme_min_body_ratio"":0.71,""extreme_min_move_pct"":0.011,""fib_min_volume_ratio"":1.99,""fib_stop_loss_buffer_ratio"":0.007,""fib_trigger_high"":0.605,""fib_trigger_low"":0.29,""fixed_profit_percent_take_profit"":0.057,""leg_size"":9,""long_threshold"":0.172,""max_loss_percent"":0.044,""min_total_weight"":2.1,""pullback_touch_threshold"":0.06,""rsi_overbought"":86.5,""rsi_oversold"":18.0,""short_threshold"":0.109,""tp_kline_ratio"":0.62,""volume_increase_ratio"":3.1,""weight_bolling"":0.8,""weight_engulfing"":0.83,""weight_fvg"":1.28,""weight_kline_hammer"":1.02,""weight_leg"":0.75}"
77	2	15767	3548.53	0.510367	2.29727	0.264383	0.514159	627	102454.5124	True	True	True	True	"{""atr_take_profit_ratio"":3.29,""bb_width_threshold"":0.032,""chase_min_body_ratio"":0.44,""extreme_min_body_ratio"":0.62,""extreme_min_move_pct"":0.01,""fib_min_volume_ratio"":1.83,""fib_stop_loss_buffer_ratio"":0.006,""fib_trigger_high"":0.638,""fib_trigger_low"":0.292,""fixed_profit_percent_take_profit"":0.055,""leg_size"":9,""long_threshold"":0.174,""max_loss_percent"":0.041,""min_total_weight"":2.17,""pullback_touch_threshold"":0.049,""rsi_overbought"":88.0,""rsi_oversold"":14.9,""short_threshold"":0.121,""tp_kline_ratio"":0.53,""volume_increase_ratio"":3.02,""weight_bolling"":0.91,""weight_engulfing"":0.93,""weight_fvg"":1.23,""weight_kline_hammer"":0.9,""weight_leg"":0.77}"
78	2	15768	3551.52	0.5	2.26621	0.256788	0.520922	627	102056.9993	True	True	True	True	"{""atr_take_profit_ratio"":3.07,""bb_width_threshold"":0.033,""chase_min_body_ratio"":0.53,""extreme_min_body_ratio"":0.69,""extreme_min_move_pct"":0.015,""fib_min_volume_ratio"":2.5,""fib_stop_loss_buffer_ratio"":0.014,""fib_trigger_high"":0.599,""fib_trigger_low"":0.302,""fixed_profit_percent_take_profit"":0.059,""leg_size"":9,""long_threshold"":0.204,""max_loss_percent"":0.042,""min_total_weight"":2.15,""pullback_touch_threshold"":0.037,""rsi_overbought"":87.6,""rsi_oversold"":14.2,""short_threshold"":0.08,""tp_kline_ratio"":0.65,""volume_increase_ratio"":2.49,""weight_bolling"":0.93,""weight_engulfing"":1.05,""weight_fvg"":1.43,""weight_kline_hammer"":0.9,""weight_leg"":0.76}"
79	2	15769	3833.86	0.479032	2.26515	0.325495	0.537634	620	949.3836	True	False	True	False	"{""atr_take_profit_ratio"":3.21,""bb_width_threshold"":0.029,""chase_min_body_ratio"":0.44,""extreme_min_body_ratio"":0.65,""extreme_min_move_pct"":0.012,""fib_min_volume_ratio"":1.83,""fib_stop_loss_buffer_ratio"":0.006,""fib_trigger_high"":0.629,""fib_trigger_low"":0.309,""fixed_profit_percent_take_profit"":0.056,""leg_size"":7,""long_threshold"":0.173,""max_loss_percent"":0.039,""min_total_weight"":2.07,""pullback_touch_threshold"":0.056,""rsi_overbought"":88.9,""rsi_oversold"":15.3,""short_threshold"":0.128,""tp_kline_ratio"":0.63,""volume_increase_ratio"":3.1,""weight_bolling"":0.85,""weight_engulfing"":0.82,""weight_fvg"":1.26,""weight_kline_hammer"":0.93,""weight_leg"":0.79}"
80	2	15770	5257.71	0.478477	2.55087	0.30634	0.538918	606	2932.8362	True	False	True	False	"{""atr_take_profit_ratio"":3.44,""bb_width_threshold"":0.026,""chase_min_body_ratio"":0.52,""extreme_min_body_ratio"":0.61,""extreme_min_move_pct"":0.01,""fib_min_volume_ratio"":1.7,""fib_stop_loss_buffer_ratio"":0.007,""fib_trigger_high"":0.633,""fib_trigger_low"":0.29,""fixed_profit_percent_take_profit"":0.06,""leg_size"":8,""long_threshold"":0.181,""max_loss_percent"":0.04,""min_total_weight"":2.16,""pullback_touch_threshold"":0.051,""rsi_overbought"":88.4,""rsi_oversold"":14.0,""short_threshold"":0.123,""tp_kline_ratio"":0.52,""volume_increase_ratio"":3.1,""weight_bolling"":0.91,""weight_engulfing"":0.9,""weight_fvg"":1.26,""weight_kline_hammer"":0.84,""weight_leg"":0.85}"
81	2	15771	4371.74	0.501618	2.50369	0.288167	0.511891	618	103047.1322	True	True	True	True	"{""atr_take_profit_ratio"":3.02,""bb_width_threshold"":0.031,""chase_min_body_ratio"":0.45,""extreme_min_body_ratio"":0.7,""extreme_min_move_pct"":0.01,""fib_min_volume_ratio"":1.87,""fib_stop_loss_buffer_ratio"":0.006,""fib_trigger_high"":0.629,""fib_trigger_low"":0.297,""fixed_profit_percent_take_profit"":0.058,""leg_size"":9,""long_threshold"":0.169,""max_loss_percent"":0.04,""min_total_weight"":2.05,""pullback_touch_threshold"":0.06,""rsi_overbought"":84.8,""rsi_oversold"":15.9,""short_threshold"":0.121,""tp_kline_ratio"":0.65,""volume_increase_ratio"":3.1,""weight_bolling"":0.9,""weight_engulfing"":0.8,""weight_fvg"":1.35,""weight_kline_hammer"":1.03,""weight_leg"":0.81}"
82	2	15772	5284.82	0.504078	2.63716	0.26559	0.522291	613	104439.4404	True	True	True	True	"{""atr_take_profit_ratio"":3.21,""bb_width_threshold"":0.029,""chase_min_body_ratio"":0.51,""extreme_min_body_ratio"":0.65,""extreme_min_move_pct"":0.009,""fib_min_volume_ratio"":1.79,""fib_stop_loss_buffer_ratio"":0.007,""fib_trigger_high"":0.619,""fib_trigger_low"":0.29,""fixed_profit_percent_take_profit"":0.054,""leg_size"":9,""long_threshold"":0.207,""max_loss_percent"":0.042,""min_total_weight"":2.13,""pullback_touch_threshold"":0.057,""rsi_overbought"":86.4,""rsi_oversold"":16.7,""short_threshold"":0.115,""tp_kline_ratio"":0.56,""volume_increase_ratio"":2.98,""weight_bolling"":0.89,""weight_engulfing"":0.91,""weight_fvg"":1.2,""weight_kline_hammer"":0.96,""weight_leg"":0.75}"
83	2	15773	3921.2	0.506369	2.3697	0.290719	0.518474	628	102565.2434	True	True	True	True	"{""atr_take_profit_ratio"":3.36,""bb_width_threshold"":0.031,""chase_min_body_ratio"":0.5,""extreme_min_body_ratio"":0.69,""extreme_min_move_pct"":0.012,""fib_min_volume_ratio"":1.74,""fib_stop_loss_buffer_ratio"":0.006,""fib_trigger_high"":0.651,""fib_trigger_low"":0.293,""fixed_profit_percent_take_profit"":0.053,""leg_size"":9,""long_threshold"":0.181,""max_loss_percent"":0.04,""min_total_weight"":2.05,""pullback_touch_threshold"":0.047,""rsi_overbought"":85.9,""rsi_oversold"":18.0,""short_threshold"":0.108,""tp_kline_ratio"":0.55,""volume_increase_ratio"":3.1,""weight_bolling"":0.8,""weight_engulfing"":0.8,""weight_fvg"":1.2,""weight_kline_hammer"":0.93,""weight_leg"":0.75}"
84	2	15774	4287.12	0.497504	2.4361	0.266905	0.522144	601	102866.6647	True	True	True	True	"{""atr_take_profit_ratio"":3.25,""bb_width_threshold"":0.028,""chase_min_body_ratio"":0.45,""extreme_min_body_ratio"":0.68,""extreme_min_move_pct"":0.008,""fib_min_volume_ratio"":1.79,""fib_stop_loss_buffer_ratio"":0.006,""fib_trigger_high"":0.612,""fib_trigger_low"":0.309,""fixed_profit_percent_take_profit"":0.059,""leg_size"":9,""long_threshold"":0.167,""max_loss_percent"":0.043,""min_total_weight"":2.07,""pullback_touch_threshold"":0.051,""rsi_overbought"":85.4,""rsi_oversold"":18.0,""short_threshold"":0.117,""tp_kline_ratio"":0.58,""volume_increase_ratio"":2.95,""weight_bolling"":0.88,""weight_engulfing"":0.8,""weight_fvg"":1.26,""weight_kline_hammer"":1.01,""weight_leg"":0.81}"
